{
    "dataset": "pcam",
    "model": "ViT-B-16",
    "pretrained": "/projects/multimodal/checkpoints/methods/Methods_Flip_ViT_B_16_05/checkpoints/epoch_7.pt",
    "task": "linear_probe",
    "metrics": {
        "lp_acc1": 0.85858154296875,
        "lp_acc5": NaN,
        "lp_mean_per_class_recall": 0.8585415410568398,
        "weight_decay": 0,
        "epochs": 40,
        "seed": 0,
        "fewshot_k": -1,
        "normalized": true,
        "map_macro": 0.943878173828125,
        "map_weighted": 0.9438755512237549,
        "acc_micro": 0.85858154296875,
        "acc_macro": 0.8585415482521057,
        "acc_weighted": 0.85858154296875,
        "f1_micro": 0.85858154296875,
        "f1_macro": 0.8573209643363953,
        "f1_weighted": 0.8573266863822937,
        "aucroc_macro": 0.9440089464187622,
        "aucroc_weighted": 0.9440089464187622
    },
    "language": "en"
}