{
    "dataset": "bach",
    "model": "ViT-B-16",
    "pretrained": "/projects/multimodal/checkpoints/methods/Methods_Flip_ViT_B_16_05/checkpoints/epoch_7.pt",
    "task": "linear_probe",
    "metrics": {
        "lp_acc1": 0.88,
        "lp_acc5": NaN,
        "lp_mean_per_class_recall": 0.8768516021145755,
        "weight_decay": 0,
        "epochs": 40,
        "seed": 0,
        "fewshot_k": -1,
        "normalized": true,
        "map_macro": 0.9261791110038757,
        "map_weighted": 0.9322565793991089,
        "acc_micro": 0.8799999952316284,
        "acc_macro": 0.8768515586853027,
        "acc_weighted": 0.8799999952316284,
        "f1_micro": 0.8799999952316284,
        "f1_macro": 0.8744739294052124,
        "f1_weighted": 0.8813634514808655,
        "aucroc_macro": 0.9758195281028748,
        "aucroc_weighted": 0.9774165749549866
    },
    "language": "en"
}