{
    "dataset": "sicap",
    "model": "ViT-B-16",
    "pretrained": "/projects/multimodal/checkpoints/methods/Methods_Flip_ViT_B_16_05/checkpoints/epoch_7.pt",
    "task": "linear_probe",
    "metrics": {
        "lp_acc1": 0.7016965127238455,
        "lp_acc5": NaN,
        "lp_mean_per_class_recall": 0.6450822589954063,
        "weight_decay": 0,
        "epochs": 40,
        "seed": 0,
        "fewshot_k": -1,
        "normalized": true,
        "map_macro": 0.6995367407798767,
        "map_weighted": 0.7651939392089844,
        "acc_micro": 0.701696515083313,
        "acc_macro": 0.6450822353363037,
        "acc_weighted": 0.701696515083313,
        "f1_micro": 0.701696515083313,
        "f1_macro": 0.6478419899940491,
        "f1_weighted": 0.6977623105049133,
        "aucroc_macro": 0.8976342678070068,
        "aucroc_weighted": 0.8933545351028442
    },
    "language": "en"
}