{
    "dataset": "vindr_mammo",
    "model": "ViT-B-16",
    "pretrained": "/projects/multimodal/checkpoints/methods/Methods_Flip_ViT_B_16_05/checkpoints/epoch_7.pt",
    "task": "linear_probe",
    "metrics": {
        "lp_acc1": 0.9510093549975381,
        "lp_acc5": 0.9938453963564746,
        "lp_mean_per_class_recall": 0.2161209161209161,
        "weight_decay": 0,
        "epochs": 40,
        "seed": 0,
        "fewshot_k": -1,
        "normalized": true,
        "map_macro": 0.1887914091348648,
        "map_weighted": 0.9389064908027649,
        "acc_micro": 0.9510093331336975,
        "acc_macro": 0.21612092852592468,
        "acc_weighted": 0.9510093331336975,
        "f1_micro": 0.9510093331336975,
        "f1_macro": 0.1878911554813385,
        "f1_weighted": 0.9331838488578796,
        "aucroc_macro": 0.8237532377243042,
        "aucroc_weighted": 0.7747796773910522
    },
    "language": "en"
}