{
    "dataset": "chestmnist_plus",
    "model": "ViT-B-16",
    "pretrained": "/projects/multimodal/checkpoints/methods/Methods_Flip_ViT_B_16_05/checkpoints/epoch_7.pt",
    "task": "zeroshot_classification",
    "metrics": {
        "mean_average_precision": 0.0646505281329155,
        "map_micro": 0.05256923660635948,
        "map_macro": 0.05256923660635948,
        "map_weighted": 0.09616074711084366,
        "acc_micro": 0.05256923660635948,
        "acc_macro": 0.05256923660635948,
        "acc_weighted": 0.09616074711084366,
        "f1_micro": 0.09988746792078018,
        "f1_macro": 0.09616570174694061,
        "f1_weighted": 0.1706850677728653,
        "aucroc_micro": 0.5,
        "aucroc_macro": 0.5,
        "aucroc_weighted": 0.5
    },
    "language": "en"
}