{
    "dataset": "organcmnist_plus",
    "model": "ViT-B-16",
    "pretrained": "/projects/multimodal/checkpoints/methods/Methods_Flip_ViT_B_16_05/checkpoints/epoch_7.pt",
    "task": "zeroshot_classification",
    "metrics": {
        "acc1": 0.22115384615384615,
        "acc5": 0.799172346640701,
        "mean_per_class_recall": 0.2739987446586156,
        "map_macro": 0.2861845791339874,
        "map_weighted": 0.2776538133621216,
        "acc_micro": 0.2216407060623169,
        "acc_macro": 0.2739987373352051,
        "acc_weighted": 0.2216407060623169,
        "f1_micro": 0.2216407060623169,
        "f1_macro": 0.22220571339130402,
        "f1_weighted": 0.1874409168958664,
        "aucroc_macro": 0.7987067699432373,
        "aucroc_weighted": 0.7486755847930908
    },
    "language": "en"
}