{
    "dataset": "breastmnist_plus",
    "model": "ViT-B-16",
    "pretrained": "/projects/multimodal/checkpoints/methods/Methods_Flip_ViT_B_16_05/checkpoints/epoch_7.pt",
    "task": "zeroshot_classification",
    "metrics": {
        "acc1": 0.28846153846153844,
        "acc5": NaN,
        "mean_per_class_recall": 0.5131578947368421,
        "map_macro": 0.5679288506507874,
        "map_weighted": 0.6513427495956421,
        "acc_micro": 0.2884615361690521,
        "acc_macro": 0.5131579041481018,
        "acc_weighted": 0.2884615659713745,
        "f1_micro": 0.2884615361690521,
        "f1_macro": 0.2410256415605545,
        "f1_weighted": 0.15345168113708496,
        "aucroc_macro": 0.5280910730361938,
        "aucroc_weighted": 0.5280910730361938
    },
    "language": "en"
}