{
    "dataset": "bloodmnist_plus",
    "model": "ViT-B-16",
    "pretrained": "/projects/multimodal/checkpoints/methods/Methods_Flip_ViT_B_16_05/checkpoints/epoch_7.pt",
    "task": "zeroshot_classification",
    "metrics": {
        "acc1": 0.2513884828997369,
        "acc5": 0.760304004676995,
        "mean_per_class_recall": 0.2025945751064911,
        "map_macro": 0.28508302569389343,
        "map_weighted": 0.3681325614452362,
        "acc_micro": 0.25665009021759033,
        "acc_macro": 0.2025945782661438,
        "acc_weighted": 0.25665009021759033,
        "f1_micro": 0.25665009021759033,
        "f1_macro": 0.13159209489822388,
        "f1_weighted": 0.18060800433158875,
        "aucroc_macro": 0.6886841654777527,
        "aucroc_weighted": 0.7287545800209045
    },
    "language": "en"
}