{
    "dataset": "pneumoniamnist_plus",
    "model": "ViT-B-16",
    "pretrained": "/projects/multimodal/checkpoints/methods/Methods_Flip_ViT_B_16_05/checkpoints/epoch_7.pt",
    "task": "zeroshot_classification",
    "metrics": {
        "acc1": 0.7692307692307693,
        "acc5": NaN,
        "mean_per_class_recall": 0.7846153846153846,
        "map_macro": 0.8293702602386475,
        "map_weighted": 0.853632390499115,
        "acc_micro": 0.7692307829856873,
        "acc_macro": 0.7846153974533081,
        "acc_weighted": 0.7692307233810425,
        "f1_micro": 0.7692307829856873,
        "f1_macro": 0.7649717330932617,
        "f1_weighted": 0.7728813886642456,
        "aucroc_macro": 0.8606399297714233,
        "aucroc_weighted": 0.8606399297714233
    },
    "language": "en"
}