{
    "dataset": "dermamnist_plus",
    "model": "ViT-B-16",
    "pretrained": "/projects/multimodal/checkpoints/methods/Methods_Flip_ViT_B_16_05/checkpoints/epoch_7.pt",
    "task": "zeroshot_classification",
    "metrics": {
        "acc1": 0.5446384039900249,
        "acc5": 0.8962593516209476,
        "mean_per_class_recall": 0.17582498679819825,
        "map_macro": 0.1883615404367447,
        "map_weighted": 0.5896090865135193,
        "acc_micro": 0.5426433682441711,
        "acc_macro": 0.17582498490810394,
        "acc_weighted": 0.5426434278488159,
        "f1_micro": 0.5426433682441711,
        "f1_macro": 0.13826657831668854,
        "f1_weighted": 0.5183322429656982,
        "aucroc_macro": 0.6757582426071167,
        "aucroc_weighted": 0.6786031723022461
    },
    "language": "en"
}