{
    "dataset": "octmnist_plus",
    "model": "ViT-B-16",
    "pretrained": "/projects/multimodal/checkpoints/methods/Methods_Flip_ViT_B_16_05/checkpoints/epoch_7.pt",
    "task": "zeroshot_classification",
    "metrics": {
        "acc1": 0.238,
        "acc5": NaN,
        "mean_per_class_recall": 0.238,
        "map_macro": 0.3043028712272644,
        "map_weighted": 0.3043028712272644,
        "acc_micro": 0.23800000548362732,
        "acc_macro": 0.23800000548362732,
        "acc_weighted": 0.23800000548362732,
        "f1_micro": 0.23800000548362732,
        "f1_macro": 0.1580067276954651,
        "f1_weighted": 0.1580067276954651,
        "aucroc_macro": 0.5618526935577393,
        "aucroc_weighted": 0.5618526935577393
    },
    "language": "en"
}