{
    "dataset": "organamnist_plus",
    "model": "ViT-B-16",
    "pretrained": "/projects/multimodal/checkpoints/methods/Methods_Flip_ViT_B_16_05/checkpoints/epoch_7.pt",
    "task": "zeroshot_classification",
    "metrics": {
        "acc1": 0.276915288558893,
        "acc5": 0.930982112723591,
        "mean_per_class_recall": 0.3067416420560616,
        "map_macro": 0.4030783772468567,
        "map_weighted": 0.36884570121765137,
        "acc_micro": 0.27511531114578247,
        "acc_macro": 0.3067416250705719,
        "acc_weighted": 0.27511531114578247,
        "f1_micro": 0.27511531114578247,
        "f1_macro": 0.25482484698295593,
        "f1_weighted": 0.22533409297466278,
        "aucroc_macro": 0.852243959903717,
        "aucroc_weighted": 0.8034204244613647
    },
    "language": "en"
}