{
    "dataset": "retinamnist_plus",
    "model": "ViT-B-16",
    "pretrained": "/projects/multimodal/checkpoints/methods/Methods_Flip_ViT_B_16_05/checkpoints/epoch_7.pt",
    "task": "zeroshot_classification",
    "metrics": {
        "acc1": 0.1575,
        "acc5": 1.0,
        "mean_per_class_recall": 0.23375959079283887,
        "map_macro": 0.24636736512184143,
        "map_weighted": 0.3131104111671448,
        "acc_micro": 0.1599999964237213,
        "acc_macro": 0.23375959694385529,
        "acc_weighted": 0.1599999964237213,
        "f1_micro": 0.1599999964237213,
        "f1_macro": 0.11171559989452362,
        "f1_weighted": 0.0815541073679924,
        "aucroc_macro": 0.5867519378662109,
        "aucroc_weighted": 0.5374554991722107
    },
    "language": "en"
}