{
    "dataset": "lc25000_lung",
    "model": "ViT-B-16-FILIP",
    "pretrained": "openai",
    "task": "linear_probe",
    "metrics": {
        "lp_acc1": 0.7696666666666667,
        "lp_acc5": NaN,
        "lp_mean_per_class_recall": 0.7677487715052753,
        "weight_decay": 0,
        "epochs": 40,
        "seed": 0,
        "fewshot_k": -1,
        "normalized": true,
        "map_macro": 0.8431627750396729,
        "map_weighted": 0.8447850346565247,
        "acc_micro": 0.7696666717529297,
        "acc_macro": 0.7677487730979919,
        "acc_weighted": 0.7696666717529297,
        "f1_micro": 0.7696666717529297,
        "f1_macro": 0.7610110640525818,
        "f1_weighted": 0.7629610300064087,
        "aucroc_macro": 0.9144776463508606,
        "aucroc_weighted": 0.9153474569320679
    },
    "language": "en"
}