{
    "dataset": "sicap",
    "model": "ViT-B-16-FILIP",
    "pretrained": "openai",
    "task": "linear_probe",
    "metrics": {
        "lp_acc1": 0.34872761545711595,
        "lp_acc5": NaN,
        "lp_mean_per_class_recall": 0.25226456860332186,
        "weight_decay": 0,
        "epochs": 40,
        "seed": 0,
        "fewshot_k": -1,
        "normalized": true,
        "map_macro": 0.25979527831077576,
        "map_weighted": 0.3048723042011261,
        "acc_micro": 0.34872761368751526,
        "acc_macro": 0.2522645592689514,
        "acc_weighted": 0.34872761368751526,
        "f1_micro": 0.34872761368751526,
        "f1_macro": 0.20449650287628174,
        "f1_weighted": 0.2888363301753998,
        "aucroc_macro": 0.5112719535827637,
        "aucroc_weighted": 0.4946046471595764
    },
    "language": "en"
}