{
    "dataset": "skin_cancer",
    "model": "ViT-B-16-FILIP",
    "pretrained": "openai",
    "task": "linear_probe",
    "metrics": {
        "lp_acc1": 0.6704942586120819,
        "lp_acc5": 0.9720419370943585,
        "lp_mean_per_class_recall": 0.14285714285714285,
        "weight_decay": 0,
        "epochs": 40,
        "seed": 0,
        "fewshot_k": -1,
        "normalized": true,
        "map_macro": 0.2320060282945633,
        "map_weighted": 0.6411616206169128,
        "acc_micro": 0.6704942584037781,
        "acc_macro": 0.1428571492433548,
        "acc_weighted": 0.6704942584037781,
        "f1_micro": 0.6704942584037781,
        "f1_macro": 0.1146785095334053,
        "f1_weighted": 0.5382389426231384,
        "aucroc_macro": 0.7868830561637878,
        "aucroc_weighted": 0.7602136731147766
    },
    "language": "en"
}