{
    "dataset": "pad_ufes_20",
    "model": "ViT-B-16-FILIP",
    "pretrained": "openai",
    "task": "linear_probe",
    "metrics": {
        "lp_acc1": 0.3804347826086957,
        "lp_acc5": 0.9760869565217392,
        "lp_mean_per_class_recall": 0.17053630237624764,
        "weight_decay": 0,
        "epochs": 40,
        "seed": 0,
        "fewshot_k": -1,
        "normalized": true,
        "map_macro": 0.20837044715881348,
        "map_weighted": 0.31629839539527893,
        "acc_micro": 0.3804347813129425,
        "acc_macro": 0.17053630948066711,
        "acc_weighted": 0.3804347813129425,
        "f1_micro": 0.3804347813129425,
        "f1_macro": 0.10614705830812454,
        "f1_weighted": 0.23422813415527344,
        "aucroc_macro": 0.540286123752594,
        "aucroc_weighted": 0.546718180179596
    },
    "language": "en"
}