{
    "dataset": "retinamnist_plus",
    "model": "ViT-B-16",
    "pretrained": "/projects/multimodal/checkpoints/methods/Methods_Flip_ViT_B_16_05/checkpoints/epoch_7.pt",
    "task": "linear_probe",
    "metrics": {
        "lp_acc1": 0.645,
        "lp_acc5": NaN,
        "lp_mean_per_class_recall": 0.5106746626686657,
        "weight_decay": 0,
        "epochs": 40,
        "seed": 0,
        "fewshot_k": -1,
        "normalized": true,
        "map_macro": 0.5845818519592285,
        "map_weighted": 0.6938037872314453,
        "acc_micro": 0.6449999809265137,
        "acc_macro": 0.5106747150421143,
        "acc_weighted": 0.6449999809265137,
        "f1_micro": 0.6449999809265137,
        "f1_macro": 0.5340375304222107,
        "f1_weighted": 0.6297221183776855,
        "aucroc_macro": 0.8658100962638855,
        "aucroc_weighted": 0.8770545125007629
    },
    "language": "en"
}