{
    "dataset": "breastmnist_plus",
    "model": "ViT-B-16",
    "pretrained": "/projects/multimodal/checkpoints/methods/Methods_Flip_ViT_B_16_05/checkpoints/epoch_7.pt",
    "task": "linear_probe",
    "metrics": {
        "lp_acc1": 0.8589743589743589,
        "lp_acc5": NaN,
        "lp_mean_per_class_recall": 0.7832080200501252,
        "weight_decay": 0,
        "epochs": 40,
        "seed": 0,
        "fewshot_k": -1,
        "normalized": true,
        "map_macro": 0.8759075403213501,
        "map_weighted": 0.913608729839325,
        "acc_micro": 0.8589743375778198,
        "acc_macro": 0.7832080125808716,
        "acc_weighted": 0.8589743971824646,
        "f1_micro": 0.8589743375778198,
        "f1_macro": 0.8051328659057617,
        "f1_weighted": 0.8524083495140076,
        "aucroc_macro": 0.898809552192688,
        "aucroc_weighted": 0.898809552192688
    },
    "language": "en"
}