{
    "dataset": "organsmnist_plus",
    "model": "ViT-B-16",
    "pretrained": "/projects/multimodal/checkpoints/methods/Methods_Flip_ViT_B_16_05/checkpoints/epoch_7.pt",
    "task": "linear_probe",
    "metrics": {
        "lp_acc1": 0.7853177750084966,
        "lp_acc5": 0.9979608020845134,
        "lp_mean_per_class_recall": 0.7302584382347574,
        "weight_decay": 0,
        "epochs": 40,
        "seed": 0,
        "fewshot_k": -1,
        "normalized": true,
        "map_macro": 0.7792669534683228,
        "map_weighted": 0.8271608352661133,
        "acc_micro": 0.7854310870170593,
        "acc_macro": 0.7302584648132324,
        "acc_weighted": 0.7854310870170593,
        "f1_micro": 0.7854310870170593,
        "f1_macro": 0.7369740009307861,
        "f1_weighted": 0.7817661762237549,
        "aucroc_macro": 0.9765649437904358,
        "aucroc_weighted": 0.9786162972450256
    },
    "language": "en"
}