{
    "dataset": "octmnist_plus",
    "model": "ViT-B-16",
    "pretrained": "/projects/multimodal/checkpoints/methods/Methods_Flip_ViT_B_16_05/checkpoints/epoch_7.pt",
    "task": "linear_probe",
    "metrics": {
        "lp_acc1": 0.71,
        "lp_acc5": NaN,
        "lp_mean_per_class_recall": 0.71,
        "weight_decay": 0,
        "epochs": 40,
        "seed": 0,
        "fewshot_k": -1,
        "normalized": true,
        "map_macro": 0.8842045068740845,
        "map_weighted": 0.8842045068740845,
        "acc_micro": 0.7099999785423279,
        "acc_macro": 0.7099999785423279,
        "acc_weighted": 0.7099999785423279,
        "f1_micro": 0.7099999785423279,
        "f1_macro": 0.6808685660362244,
        "f1_weighted": 0.6808685660362244,
        "aucroc_macro": 0.9539893865585327,
        "aucroc_weighted": 0.9539893865585327
    },
    "language": "en"
}