{
    "dataset": "pneumoniamnist_plus",
    "model": "ViT-B-16",
    "pretrained": "/projects/multimodal/checkpoints/methods/Methods_Flip_ViT_B_16_05/checkpoints/epoch_7.pt",
    "task": "linear_probe",
    "metrics": {
        "lp_acc1": 0.8958333333333334,
        "lp_acc5": NaN,
        "lp_mean_per_class_recall": 0.861965811965812,
        "weight_decay": 0,
        "epochs": 40,
        "seed": 0,
        "fewshot_k": -1,
        "normalized": true,
        "map_macro": 0.9900411367416382,
        "map_weighted": 0.991154670715332,
        "acc_micro": 0.8958333134651184,
        "acc_macro": 0.8619657754898071,
        "acc_weighted": 0.8958333134651184,
        "f1_micro": 0.8958333134651184,
        "f1_macro": 0.8812003135681152,
        "f1_weighted": 0.891623854637146,
        "aucroc_macro": 0.9907900094985962,
        "aucroc_weighted": 0.9907900094985962
    },
    "language": "en"
}