{
    "dataset": "bloodmnist_plus",
    "model": "ViT-B-16",
    "pretrained": "/projects/multimodal/checkpoints/methods/Methods_Flip_ViT_B_16_05/checkpoints/epoch_7.pt",
    "task": "linear_probe",
    "metrics": {
        "lp_acc1": 0.975445776088863,
        "lp_acc5": 0.9997076878105817,
        "lp_mean_per_class_recall": 0.9751146214752319,
        "weight_decay": 0,
        "epochs": 40,
        "seed": 0,
        "fewshot_k": -1,
        "normalized": true,
        "map_macro": 0.9944072961807251,
        "map_weighted": 0.994594931602478,
        "acc_micro": 0.9754457473754883,
        "acc_macro": 0.975114643573761,
        "acc_weighted": 0.9754457473754883,
        "f1_micro": 0.9754457473754883,
        "f1_macro": 0.975717306137085,
        "f1_weighted": 0.9753999710083008,
        "aucroc_macro": 0.9990032911300659,
        "aucroc_weighted": 0.9988588094711304
    },
    "language": "en"
}