{
    "dataset": "chestmnist_plus",
    "model": "ViT-B-16",
    "pretrained": "/projects/multimodal/checkpoints/methods/Methods_Flip_ViT_B_16_05/checkpoints/epoch_7.pt",
    "task": "linear_probe",
    "metrics": {
        "epochs": 40,
        "seed": 0,
        "fewshot_k": -1,
        "normalized": true,
        "map_macro": 0.1804020255804062,
        "map_weighted": 0.2624620199203491,
        "acc_micro": 0.9475581049919128,
        "acc_macro": 0.9475580453872681,
        "acc_weighted": 0.9045655727386475,
        "f1_micro": 0.12225538492202759,
        "f1_macro": 0.06882833689451218,
        "f1_weighted": 0.11072473227977753,
        "aucroc_macro": 0.7875966429710388,
        "aucroc_weighted": 0.7637688517570496
    },
    "language": "en"
}