{
    "dataset": "lc25000_colon",
    "model": "ViT-B-16",
    "pretrained": "/projects/multimodal/checkpoints/methods/Methods_Flip_ViT_B_16_05/checkpoints/epoch_7.pt",
    "task": "zeroshot_classification",
    "metrics": {
        "acc1": 0.884,
        "acc5": NaN,
        "mean_per_class_recall": 0.8848096695832363,
        "map_macro": 0.9565189480781555,
        "map_weighted": 0.9566216468811035,
        "acc_micro": 0.8840000033378601,
        "acc_macro": 0.8848096132278442,
        "acc_weighted": 0.8840000033378601,
        "f1_micro": 0.8840000033378601,
        "f1_macro": 0.8832147121429443,
        "f1_weighted": 0.8831285238265991,
        "aucroc_macro": 0.9609993696212769,
        "aucroc_weighted": 0.9609993100166321
    },
    "language": "en"
}