{
    "dataset": "pcam",
    "model": "ViT-B-16",
    "pretrained": "/projects/multimodal/checkpoints/methods/Methods_Flip_ViT_B_16_05/checkpoints/epoch_7.pt",
    "task": "zeroshot_classification",
    "metrics": {
        "acc1": 0.7327880859375,
        "acc5": NaN,
        "mean_per_class_recall": 0.7328090030984623,
        "map_macro": 0.8061314225196838,
        "map_weighted": 0.8061273694038391,
        "acc_micro": 0.7327880859375,
        "acc_macro": 0.7328090071678162,
        "acc_weighted": 0.7327880859375,
        "f1_micro": 0.7327880859375,
        "f1_macro": 0.7321542501449585,
        "f1_weighted": 0.7321487665176392,
        "aucroc_macro": 0.8131864666938782,
        "aucroc_weighted": 0.8131864666938782
    },
    "language": "en"
}