{
    "dataset": "skin_cancer",
    "model": "ViT-B-16",
    "pretrained": "/projects/multimodal/checkpoints/methods/Methods_Flip_ViT_B_16_05/checkpoints/epoch_7.pt",
    "task": "zeroshot_classification",
    "metrics": {
        "acc1": 0.6470294558162756,
        "acc5": 0.8861707438841737,
        "mean_per_class_recall": 0.15133222448933542,
        "map_macro": 0.1924637109041214,
        "map_weighted": 0.5906111598014832,
        "acc_micro": 0.6475287079811096,
        "acc_macro": 0.15133222937583923,
        "acc_weighted": 0.6475287079811096,
        "f1_micro": 0.6475287079811096,
        "f1_macro": 0.12323999404907227,
        "f1_weighted": 0.5346391201019287,
        "aucroc_macro": 0.6965303421020508,
        "aucroc_weighted": 0.6728305220603943
    },
    "language": "en"
}