{
    "dataset": "lc25000_lung",
    "model": "ViT-B-16",
    "pretrained": "/projects/multimodal/checkpoints/methods/Methods_Flip_ViT_B_16_05/checkpoints/epoch_7.pt",
    "task": "zeroshot_classification",
    "metrics": {
        "acc1": 0.9193333333333333,
        "acc5": NaN,
        "mean_per_class_recall": 0.9182833343929949,
        "map_macro": 0.9747135639190674,
        "map_weighted": 0.9750224351882935,
        "acc_micro": 0.9193333387374878,
        "acc_macro": 0.9182833433151245,
        "acc_weighted": 0.9193333387374878,
        "f1_micro": 0.9193333387374878,
        "f1_macro": 0.9180494546890259,
        "f1_weighted": 0.9188723564147949,
        "aucroc_macro": 0.9873064160346985,
        "aucroc_weighted": 0.9874593615531921
    },
    "language": "en"
}