{
    "dataset": "pad_ufes_20",
    "model": "ViT-B-16",
    "pretrained": "/projects/multimodal/checkpoints/methods/Methods_Flip_ViT_B_16_05/checkpoints/epoch_7.pt",
    "task": "zeroshot_classification",
    "metrics": {
        "acc1": 0.11739130434782609,
        "acc5": 0.8891304347826087,
        "mean_per_class_recall": 0.2004100689805204,
        "map_macro": 0.19189190864562988,
        "map_weighted": 0.29820388555526733,
        "acc_micro": 0.11739130318164825,
        "acc_macro": 0.20041008293628693,
        "acc_weighted": 0.11739130318164825,
        "f1_micro": 0.11739130318164825,
        "f1_macro": 0.08613099902868271,
        "f1_weighted": 0.07640040665864944,
        "aucroc_macro": 0.5520045161247253,
        "aucroc_weighted": 0.5455471277236938
    },
    "language": "en"
}