{
    "dataset": "sicap",
    "model": "ViT-B-16",
    "pretrained": "/projects/multimodal/checkpoints/methods/Methods_Flip_ViT_B_16_05/checkpoints/epoch_7.pt",
    "task": "zeroshot_classification",
    "metrics": {
        "acc1": 0.34542884071630536,
        "acc5": NaN,
        "mean_per_class_recall": 0.36793285973997003,
        "map_macro": 0.47117143869400024,
        "map_weighted": 0.49691981077194214,
        "acc_micro": 0.34542885422706604,
        "acc_macro": 0.36793285608291626,
        "acc_weighted": 0.34542885422706604,
        "f1_micro": 0.34542885422706604,
        "f1_macro": 0.33953166007995605,
        "f1_weighted": 0.3135429322719574,
        "aucroc_macro": 0.7067056894302368,
        "aucroc_weighted": 0.6793272495269775
    },
    "language": "en"
}