{
    "dataset": "bach",
    "model": "ViT-B-16",
    "pretrained": "/projects/multimodal/checkpoints/methods/Methods_Flip_ViT_B_16_05/checkpoints/epoch_7.pt",
    "task": "zeroshot_classification",
    "metrics": {
        "acc1": 0.49,
        "acc5": NaN,
        "mean_per_class_recall": 0.5042156651202935,
        "map_macro": 0.5576097965240479,
        "map_weighted": 0.5844270586967468,
        "acc_micro": 0.49000000953674316,
        "acc_macro": 0.504215657711029,
        "acc_weighted": 0.49000000953674316,
        "f1_micro": 0.49000000953674316,
        "f1_macro": 0.49119049310684204,
        "f1_weighted": 0.49670475721359253,
        "aucroc_macro": 0.7771082520484924,
        "aucroc_weighted": 0.7866665124893188
    },
    "language": "en"
}