{
    "dataset": "bloodmnist_plus",
    "model": "ViT-B-16-FILIP",
    "pretrained": "openai",
    "task": "zeroshot_classification",
    "metrics": {
        "acc1": 0.16924875767319497,
        "acc5": 0.6714410990938322,
        "mean_per_class_recall": 0.125,
        "map_macro": 0.12817421555519104,
        "map_weighted": 0.14746133983135223,
        "acc_micro": 0.1692487597465515,
        "acc_macro": 0.125,
        "acc_weighted": 0.1692487597465515,
        "f1_micro": 0.1692487597465515,
        "f1_macro": 0.03618749976158142,
        "f1_weighted": 0.04899751394987106,
        "aucroc_macro": 0.49937987327575684,
        "aucroc_weighted": 0.503180980682373
    },
    "language": "en"
}