{
    "dataset": "dermamnist_plus",
    "model": "ViT-B-16-FILIP",
    "pretrained": "openai",
    "task": "zeroshot_classification",
    "metrics": {
        "acc1": 0.03291770573566085,
        "acc5": 0.8743142144638404,
        "mean_per_class_recall": 0.14285714285714285,
        "map_macro": 0.14459197223186493,
        "map_weighted": 0.47793877124786377,
        "acc_micro": 0.032917704433202744,
        "acc_macro": 0.1428571492433548,
        "acc_weighted": 0.032917704433202744,
        "f1_micro": 0.032917704433202744,
        "f1_macro": 0.00910533219575882,
        "f1_weighted": 0.0020980865228921175,
        "aucroc_macro": 0.510035514831543,
        "aucroc_weighted": 0.5062447190284729
    },
    "language": "en"
}