{
    "dataset": "pneumoniamnist_plus",
    "model": "ViT-B-16-FILIP",
    "pretrained": "openai",
    "task": "zeroshot_classification",
    "metrics": {
        "acc1": 0.3798076923076923,
        "acc5": NaN,
        "mean_per_class_recall": 0.49615384615384617,
        "map_macro": 0.4948936104774475,
        "map_weighted": 0.5260941386222839,
        "acc_micro": 0.3798076808452606,
        "acc_macro": 0.4961538314819336,
        "acc_weighted": 0.379807710647583,
        "f1_micro": 0.3798076808452606,
        "f1_macro": 0.2980142831802368,
        "f1_weighted": 0.2381092607975006,
        "aucroc_macro": 0.48856016993522644,
        "aucroc_weighted": 0.48856014013290405
    },
    "language": "en"
}