{
    "dataset": "tissuemnist_plus",
    "model": "ViT-B-16-FILIP",
    "pretrained": "openai",
    "task": "zeroshot_classification",
    "metrics": {
        "acc1": 0.06294416243654823,
        "acc5": 0.6294416243654822,
        "mean_per_class_recall": 0.09032782705435505,
        "map_macro": 0.13312843441963196,
        "map_weighted": 0.20410865545272827,
        "acc_micro": 0.10490693897008896,
        "acc_macro": 0.09032782167196274,
        "acc_weighted": 0.10490693151950836,
        "f1_micro": 0.10490693897008896,
        "f1_macro": 0.07478579878807068,
        "f1_weighted": 0.11082959175109863,
        "aucroc_macro": 0.4736376702785492,
        "aucroc_weighted": 0.4919806122779846
    },
    "language": "en"
}