{
    "dataset": "pathmnist_plus",
    "model": "ViT-B-16-FILIP",
    "pretrained": "openai",
    "task": "zeroshot_classification",
    "metrics": {
        "acc1": 0.17172701949860725,
        "acc5": 0.5784122562674094,
        "mean_per_class_recall": 0.1111111111111111,
        "map_macro": 0.11435507237911224,
        "map_weighted": 0.13377094268798828,
        "acc_micro": 0.1717270165681839,
        "acc_macro": 0.1111111119389534,
        "acc_weighted": 0.1717270165681839,
        "f1_micro": 0.1717270165681839,
        "f1_macro": 0.03256864473223686,
        "f1_weighted": 0.05033624544739723,
        "aucroc_macro": 0.5055491924285889,
        "aucroc_weighted": 0.5081462264060974
    },
    "language": "en"
}