{
    "dataset": "skin_cancer",
    "model": "ViT-B-16-FILIP",
    "pretrained": "openai",
    "task": "zeroshot_classification",
    "metrics": {
        "acc1": 0.02945581627558662,
        "acc5": 0.8811782326510235,
        "mean_per_class_recall": 0.14285714285714285,
        "map_macro": 0.14286471903324127,
        "map_weighted": 0.476030170917511,
        "acc_micro": 0.029455816373229027,
        "acc_macro": 0.1428571492433548,
        "acc_weighted": 0.029455816373229027,
        "f1_micro": 0.029455816373229027,
        "f1_macro": 0.00817910861223936,
        "f1_weighted": 0.0016864562639966607,
        "aucroc_macro": 0.49422597885131836,
        "aucroc_weighted": 0.4975811839103699
    },
    "language": "en"
}