{
    "dataset": "bach",
    "model": "ViT-B-16-FILIP",
    "pretrained": "openai",
    "task": "zeroshot_classification",
    "metrics": {
        "acc1": 0.25,
        "acc5": NaN,
        "mean_per_class_recall": 0.25,
        "map_macro": 0.25336775183677673,
        "map_weighted": 0.2560623288154602,
        "acc_micro": 0.23000000417232513,
        "acc_macro": 0.25,
        "acc_weighted": 0.23000000417232513,
        "f1_micro": 0.23000000417232513,
        "f1_macro": 0.0934959352016449,
        "f1_weighted": 0.08601626753807068,
        "aucroc_macro": 0.48204588890075684,
        "aucroc_weighted": 0.47527962923049927
    },
    "language": "en"
}