{
    "dataset": "lc25000_colon",
    "model": "ViT-B-16-FILIP",
    "pretrained": "openai",
    "task": "zeroshot_classification",
    "metrics": {
        "acc1": 0.5045,
        "acc5": NaN,
        "mean_per_class_recall": 0.5,
        "map_macro": 0.5220487713813782,
        "map_weighted": 0.5221060514450073,
        "acc_micro": 0.5044999718666077,
        "acc_macro": 0.5,
        "acc_weighted": 0.5044999718666077,
        "f1_micro": 0.5044999718666077,
        "f1_macro": 0.3353273570537567,
        "f1_weighted": 0.33834531903266907,
        "aucroc_macro": 0.5385721325874329,
        "aucroc_weighted": 0.5385720729827881
    },
    "language": "en"
}