{
    "dataset": "pcam",
    "model": "ViT-B-16-FILIP",
    "pretrained": "openai",
    "task": "zeroshot_classification",
    "metrics": {
        "acc1": 0.500335693359375,
        "acc5": NaN,
        "mean_per_class_recall": 0.5005490818131901,
        "map_macro": 0.5164957046508789,
        "map_weighted": 0.5164955854415894,
        "acc_micro": 0.500335693359375,
        "acc_macro": 0.5005490779876709,
        "acc_weighted": 0.500335693359375,
        "f1_micro": 0.500335693359375,
        "f1_macro": 0.3344574272632599,
        "f1_weighted": 0.3343154788017273,
        "aucroc_macro": 0.5284361839294434,
        "aucroc_weighted": 0.5284361839294434
    },
    "language": "en"
}