{
    "dataset": "vindr_mammo",
    "model": "ViT-B-16-FILIP",
    "pretrained": "openai",
    "task": "zeroshot_classification",
    "metrics": {
        "acc1": 0.010832102412604629,
        "acc5": 0.030773018217626784,
        "mean_per_class_recall": 0.09727161727161728,
        "map_macro": 0.10026178508996964,
        "map_weighted": 0.8976737260818481,
        "acc_micro": 0.026587888598442078,
        "acc_macro": 0.0972716212272644,
        "acc_weighted": 0.02658788673579693,
        "f1_micro": 0.026587888598442078,
        "f1_macro": 0.006637566722929478,
        "f1_weighted": 0.011405326426029205,
        "aucroc_macro": 0.4608736038208008,
        "aucroc_weighted": 0.44495803117752075
    },
    "language": "en"
}