{
    "dataset": "lc25000_lung",
    "model": "ViT-B-16-FILIP",
    "pretrained": "openai",
    "task": "zeroshot_classification",
    "metrics": {
        "acc1": 0.32866666666666666,
        "acc5": NaN,
        "mean_per_class_recall": 0.3333333333333333,
        "map_macro": 0.3354542553424835,
        "map_weighted": 0.33554044365882874,
        "acc_micro": 0.32866665720939636,
        "acc_macro": 0.3333333432674408,
        "acc_weighted": 0.32866665720939636,
        "f1_micro": 0.32866665720939636,
        "f1_macro": 0.16491052508354187,
        "f1_weighted": 0.1626017689704895,
        "aucroc_macro": 0.5035640597343445,
        "aucroc_weighted": 0.5035167932510376
    },
    "language": "en"
}