{
    "dataset": "vindr_mammo",
    "model": "ViT-B-16",
    "pretrained": "/projects/multimodal/checkpoints/encoder_combination/gpt77-ViT-B-16-ALL/checkpoints/epoch_8.pt",
    "task": "linear_probe",
    "metrics": {
        "lp_acc1": 0.9510093549975381,
        "lp_acc5": 0.9953225012309207,
        "lp_mean_per_class_recall": 0.21397491397491394,
        "weight_decay": 0,
        "epochs": 40,
        "seed": 0,
        "fewshot_k": -1,
        "normalized": true,
        "map_macro": 0.18659362196922302,
        "map_weighted": 0.9391118288040161,
        "acc_micro": 0.9510093331336975,
        "acc_macro": 0.21397492289543152,
        "acc_weighted": 0.9510093331336975,
        "f1_micro": 0.9510093331336975,
        "f1_macro": 0.1855570524930954,
        "f1_weighted": 0.9324425458908081,
        "aucroc_macro": 0.8190422058105469,
        "aucroc_weighted": 0.7713384032249451
    },
    "language": "en"
}