{
    "dataset": "bloodmnist_plus",
    "model": "ViT-B-16-FILIP",
    "pretrained": "openai",
    "task": "linear_probe",
    "metrics": {
        "lp_acc1": 0.4232680502776966,
        "lp_acc5": 0.8935983630517392,
        "lp_mean_per_class_recall": 0.3154077481293572,
        "weight_decay": 0,
        "epochs": 40,
        "seed": 0,
        "fewshot_k": -1,
        "normalized": true,
        "map_macro": 0.4289722442626953,
        "map_weighted": 0.4234428405761719,
        "acc_micro": 0.42326804995536804,
        "acc_macro": 0.31540775299072266,
        "acc_weighted": 0.42326804995536804,
        "f1_micro": 0.42326804995536804,
        "f1_macro": 0.2633695602416992,
        "f1_weighted": 0.3391881287097931,
        "aucroc_macro": 0.8140461444854736,
        "aucroc_weighted": 0.8006551265716553
    },
    "language": "en"
}