{
    "dataset": "breastmnist_plus",
    "model": "ViT-B-16-FILIP",
    "pretrained": "openai",
    "task": "linear_probe",
    "metrics": {
        "lp_acc1": 0.7307692307692307,
        "lp_acc5": NaN,
        "lp_mean_per_class_recall": 0.5,
        "weight_decay": 0,
        "epochs": 40,
        "seed": 0,
        "fewshot_k": -1,
        "normalized": true,
        "map_macro": 0.5690760612487793,
        "map_weighted": 0.676242470741272,
        "acc_micro": 0.7307692170143127,
        "acc_macro": 0.5,
        "acc_weighted": 0.7307692170143127,
        "f1_micro": 0.7307692170143127,
        "f1_macro": 0.42222222685813904,
        "f1_weighted": 0.6170940399169922,
        "aucroc_macro": 0.6021302938461304,
        "aucroc_weighted": 0.6021303534507751
    },
    "language": "en"
}