{
    "dataset": "organamnist_plus",
    "model": "ViT-B-16-FILIP",
    "pretrained": "openai",
    "task": "linear_probe",
    "metrics": {
        "lp_acc1": 0.31910226122173474,
        "lp_acc5": 0.84115198560018,
        "lp_mean_per_class_recall": 0.228414320981486,
        "weight_decay": 0,
        "epochs": 40,
        "seed": 0,
        "fewshot_k": -1,
        "normalized": true,
        "map_macro": 0.3166104257106781,
        "map_weighted": 0.3075454533100128,
        "acc_micro": 0.31943976879119873,
        "acc_macro": 0.22841431200504303,
        "acc_weighted": 0.31943973898887634,
        "f1_micro": 0.31943976879119873,
        "f1_macro": 0.1863393783569336,
        "f1_weighted": 0.22475995123386383,
        "aucroc_macro": 0.8061951994895935,
        "aucroc_weighted": 0.7861943244934082
    },
    "language": "en"
}