{
    "dataset": "dermamnist_plus",
    "model": "ViT-B-16-FILIP",
    "pretrained": "openai",
    "task": "linear_probe",
    "metrics": {
        "lp_acc1": 0.6688279301745635,
        "lp_acc5": 0.9740648379052369,
        "lp_mean_per_class_recall": 0.14285714285714285,
        "weight_decay": 0,
        "epochs": 40,
        "seed": 0,
        "fewshot_k": -1,
        "normalized": true,
        "map_macro": 0.2346489131450653,
        "map_weighted": 0.6324824690818787,
        "acc_micro": 0.6688279509544373,
        "acc_macro": 0.1428571492433548,
        "acc_weighted": 0.6688279509544373,
        "f1_micro": 0.6688279509544373,
        "f1_macro": 0.11450772732496262,
        "f1_weighted": 0.536101758480072,
        "aucroc_macro": 0.7744183540344238,
        "aucroc_weighted": 0.7462577223777771
    },
    "language": "en"
}