{
    "dataset": "organsmnist_plus",
    "model": "ViT-B-16-FILIP",
    "pretrained": "openai",
    "task": "linear_probe",
    "metrics": {
        "lp_acc1": 0.24425059476605868,
        "lp_acc5": 0.8014047807862241,
        "lp_mean_per_class_recall": 0.10697773982563213,
        "weight_decay": 0,
        "epochs": 40,
        "seed": 0,
        "fewshot_k": -1,
        "normalized": true,
        "map_macro": 0.26388129591941833,
        "map_weighted": 0.2854956388473511,
        "acc_micro": 0.2442505955696106,
        "acc_macro": 0.10697774589061737,
        "acc_weighted": 0.2442505955696106,
        "f1_micro": 0.2442505955696106,
        "f1_macro": 0.06295593827962875,
        "f1_weighted": 0.10709171742200851,
        "aucroc_macro": 0.7501808404922485,
        "aucroc_weighted": 0.7172139286994934
    },
    "language": "en"
}