{
    "dataset": "organcmnist_plus",
    "model": "ViT-B-16-FILIP",
    "pretrained": "openai",
    "task": "linear_probe",
    "metrics": {
        "lp_acc1": 0.22736124634858812,
        "lp_acc5": 0.7956426484907497,
        "lp_mean_per_class_recall": 0.09821359101209791,
        "weight_decay": 0,
        "epochs": 40,
        "seed": 0,
        "fewshot_k": -1,
        "normalized": true,
        "map_macro": 0.27178940176963806,
        "map_weighted": 0.28743723034858704,
        "acc_micro": 0.22736124694347382,
        "acc_macro": 0.09821359068155289,
        "acc_weighted": 0.22736124694347382,
        "f1_micro": 0.22736124694347382,
        "f1_macro": 0.047190263867378235,
        "f1_weighted": 0.09201493859291077,
        "aucroc_macro": 0.7759912014007568,
        "aucroc_weighted": 0.755919337272644
    },
    "language": "en"
}