{
    "dataset": "pneumoniamnist_plus",
    "model": "ViT-B-16-FILIP",
    "pretrained": "openai",
    "task": "linear_probe",
    "metrics": {
        "lp_acc1": 0.625,
        "lp_acc5": NaN,
        "lp_mean_per_class_recall": 0.5,
        "weight_decay": 0,
        "epochs": 40,
        "seed": 0,
        "fewshot_k": -1,
        "normalized": true,
        "map_macro": 0.7174065113067627,
        "map_weighted": 0.7479952573776245,
        "acc_micro": 0.625,
        "acc_macro": 0.5,
        "acc_weighted": 0.625,
        "f1_micro": 0.625,
        "f1_macro": 0.38461539149284363,
        "f1_weighted": 0.48076921701431274,
        "aucroc_macro": 0.7602290511131287,
        "aucroc_weighted": 0.7602290511131287
    },
    "language": "en"
}