{
    "dataset": "chestmnist_plus",
    "model": "ViT-B-16-FILIP",
    "pretrained": "openai",
    "task": "linear_probe",
    "metrics": {
        "epochs": 40,
        "seed": 0,
        "fewshot_k": -1,
        "normalized": true,
        "map_macro": 0.06815540045499802,
        "map_weighted": 0.12367115169763565,
        "acc_micro": 0.9474084973335266,
        "acc_macro": 0.9474084973335266,
        "acc_weighted": 0.9038156867027283,
        "f1_micro": 0.00012107270595151931,
        "f1_macro": 3.625815952545963e-05,
        "f1_weighted": 0.0001210772170452401,
        "aucroc_macro": 0.5717982649803162,
        "aucroc_weighted": 0.571873128414154
    },
    "language": "en"
}