{
    "dataset": "octmnist_plus",
    "model": "ViT-B-16-FILIP",
    "pretrained": "openai",
    "task": "linear_probe",
    "metrics": {
        "lp_acc1": 0.368,
        "lp_acc5": NaN,
        "lp_mean_per_class_recall": 0.368,
        "weight_decay": 0,
        "epochs": 40,
        "seed": 0,
        "fewshot_k": -1,
        "normalized": true,
        "map_macro": 0.39551594853401184,
        "map_weighted": 0.39551594853401184,
        "acc_micro": 0.36800000071525574,
        "acc_macro": 0.36800000071525574,
        "acc_weighted": 0.36800000071525574,
        "f1_micro": 0.36800000071525574,
        "f1_macro": 0.25060105323791504,
        "f1_weighted": 0.25060105323791504,
        "aucroc_macro": 0.6735773086547852,
        "aucroc_weighted": 0.6735773086547852
    },
    "language": "en"
}