{
    "dataset": "tissuemnist_plus",
    "model": "ViT-B-16-FILIP",
    "pretrained": "openai",
    "task": "linear_probe",
    "metrics": {
        "lp_acc1": 0.4001057529610829,
        "lp_acc5": 0.8973773265651438,
        "lp_mean_per_class_recall": 0.21661392132564916,
        "weight_decay": 0,
        "epochs": 40,
        "seed": 0,
        "fewshot_k": -1,
        "normalized": true,
        "map_macro": 0.2460245043039322,
        "map_weighted": 0.35599324107170105,
        "acc_micro": 0.4001269042491913,
        "acc_macro": 0.21661391854286194,
        "acc_weighted": 0.4001269042491913,
        "f1_micro": 0.4001269042491913,
        "f1_macro": 0.17394059896469116,
        "f1_weighted": 0.3147655129432678,
        "aucroc_macro": 0.713987410068512,
        "aucroc_weighted": 0.7088552713394165
    },
    "language": "en"
}